{
  "height": 38,
  "width": 117,
  "x": 22.796052932739258,
  "y": 1330.756630346179
}